grantee,title,budget,start_date,end_date,type,topic,desc,region
Georgian Youth for Europe,Green Challenge for Rustavi Society,1998.63,2/28/2011,9/1/2011,Citizens’ Advocacy Grant,Environment Policy,Reduce plastic bags usage in Rustavi by persuading the government to introduce a fee for single-use plastic bags.,Kvemo Kartli
Union of Scientists of Imereti Region “Spectri”,Promote Protection of Environment,6739.20,4/1/2011,9/1/2011,Citizens’ Advocacy Grant,Environment Policy,Advocate for the relocation of the existing landfill in Kutaisi and a complete re-cultivation of the soil in the area.,Imereti
Society “Biliki”,Let’s Help Each Other,14968.67,3/1/2011,12/1/2011,Citizens’ Advocacy Grant,IDPs,Increase public education among IDP youth and help them integrate into local society.,Shida Kartli
Association  Zekari,Promoting Public-Government Dialogue in Ambrolauri,12824.78,4/15/2011,11/15/2011,Citizens’ Advocacy Grant,Good Governance,Establish ongoing communication between the regional capital and high mountainous villages.,Racha-Lechkumi / Kvemo Svaneti
Club of Gori Invalids,Environment Without Barriers,11552.87,4/1/2011,9/30/2011,Citizens’ Advocacy Grant,Disabled Accessibility,Create a barrier-free environment for disabled people in Gori so they can live and work independently.,Shida Kartli
Civic Activities Centre,Advocacy for the Interests of People Living Below the Poverty Line in the  Kakheti Region,13976.52,3/10/2011,10/10/2011,Citizens’ Advocacy Grant,Social Assistance,Help people living below the poverty line benefit from the “State Program to Eradicate Poverty” by providing professional/legal support and information.,Kakheti
Institute of Nationalism and Conflict Studies,Rapid Response and Advocacy of IDP Interests Through Cooperation,13735.76,3/14/2011,11/30/2011,Citizens’ Advocacy Grant,IDPs,Develop a rapid response mechanism to enable IDPs to address their needs and protect their rights.,"Imereti, Tbilisi, Samegrelo / Zemo Svaneti"
Young Economists Association of Georgia  - Imereti Representation,Monitor Highway Construction of  Zestaponi-Samtredia,13829.91,3/1/2011,12/31/2011,Citizens’ Advocacy Grant,Property Rights,Ensure communities are financially compensated for use of their land for road construction.,Imereti
Ozurgeti Young Scientists Club,We’ll Plan Together How to Spend Our Money,14342.96,3/1/2011,2/28/2012,Citizens’ Advocacy Grant,Public Finance,Develop medium-term strategic action plans for state-owned non-commercial legal entities.,Guria
The Guram Tikanadze Svaneti Youth Center,Monitoring of Zugdidi-Mestia Road Construction,11259.00,4/1/2011,11/15/2011,Citizens’ Advocacy Grant,Property Rights,Ensure rights of the local community are protected by monitoring the construction of the Zugdidi-Mestia highway.,Samegrelo / Zemo Svaneti
Young Lawyers Association of Georgia – Kutaisi Branch,"Active Citizenship, In Governance",12409.50,3/15/2011,4/15/2012,Citizens’ Advocacy Grant,Public Finance,Inform and promote citizen participation in the Baghdati and Tskaltubo municipalities’ budget process.,Imereti
Union for  Democratic Development of Georgia,Public Interest and Choice of the Government,14773.11,3/10/2011,12/25/2011,Citizens’ Advocacy Grant,Local Governance,Increase public participation in local decision-making.,Guria
Center forIntegration of DisabledPeople of Kakheti Region,Open Environment: A Path to Independent Living,13060.00,3/1/2011,10/1/2011,Citizens’ Advocacy Grant,Disabled Accessibility,Ensure future buildings in the Kakheti region are accessible to the people with special needs.,Kakheti
Association “Union of Chiaturians”,Advocacy for Environmental Issues in Chiatura,14523.45,4/1/2011,2/29/2012,Citizens’ Advocacy Grant,Environment Policy,Increase environmental awareness and public participation in local decision-making processes.,Imereti
New Initiative in Kvemo Kartli,Public Participation in the Municipal Budgeting Process,14089.96,5/1/2011,12/31/2011,Citizens’ Advocacy Grant,Public Finance,Increase public oversight and participation in the budgeting process in the Gardabani region.,Kvemo Kartli
Liberal Academy of Tbilisi,Transition in Georgia: Major Implications,49116.00,7/1/2011,1/31/2013,Think Tank Support Grants,Economic Development,Analyze Georgia's current political and economic transition strategy as it relates to EU integration.,Tbilisi
Economic Policy Research Center,Threats and Challenges for Sustainable Growth,49930.00,7/1/2011,6/30/2012,Think Tank Support Grant,Economic Development,Assist the National Security Council of Georgia in identifying and assessing major economic threats and challenges.,Tbilisi
"International Institute for Education Policy, Planning and Management",Examining Private Tutoring Phenomenon in Georgia,42192.01,7/1/2011,1/31/2012,Think Tank Support Grant,Education Policy,Assess the prevalence and impact of private tutoring in Georgia and recommend education policy reforms to mitigate its negative impacts.,"Adjara, Guria, Imereti, Kakheti, Kvemo Kartli, Tbilisi, Samegrelo / Zemo Svaneti, Samtskhe-Javakheti, Shida Kartli"
Insurance Association of Georgia,Pharmaceutical Prescription Practices in Georgia,49797.00,6/1/2011,3/31/2012,Think Tank Support Grants,Health Policy,Research the factors influencing prescription practices and high pharmaceutical costs.,Tbilisi
Transparency International (TI) Georgia,Analyzing Competition in Georgia,49995.00,7/1/2011,8/31/2012,Think Tank Support Grant,Economic Development,Promote competitiveness and transparency by analyzing the food and fuel sectors and identifying specific concerns and potential policy solutions.,Tbilisi
ISET Policy Institute,Growth Diagnostics for Georgia,49860.00,7/1/2011,6/30/2012,Think Tank Support Grant,Economic Development,Identify binding constraints to economic growth in Georgia and develop recommendations for targeted policy interventions.,"AdjaraImereti, KakhetiTbilisi, Samegrelo / Zemo Svaneti"
Georgian Association of Child Neurologists and Neurosurgeons,Coalition for Childhood Disability,46840.00,7/1/2011,9/30/2012,Partnership for Change Grants,Social Policy,"Advocate for the rights of children with disabilities to enhance healthcare, education, and disability-related services.","AdjaraImereti, Tbilisi, Samegrelo / Zemo Svaneti"
Civic Development Institute,Georgian Teachers for Child Friendly Schools,49730.00,9/1/2011,8/31/2012,Partnership for Change Grant,Education Policy,Strengthen school safety and autonomy policy implementation and advocate for additional safe school reforms.,"Adjara, GuriaTbilisi"
Safe Space,Ecology of Tbilisi,36116.00,8/15/2011,12/31/2012,Partnership for Change Grant,Environment Policy,Advocate for the protection of recreation zones in Tbilisi.,Tbilisi
Green Alternative,Empowering Local Communities in Imereti and Racha-Lechkhumi,48915.00,8/1/2011,1/31/2013,Partnership for Change Grant,Social Policy,Address social and environmental concerns of communities affected by the Khudoni Hydro Power Plant (HPP) and the Namakhvani HPP.,"Imereti, Tbilisi, Samegrelo / Zemo Svaneti"
"Association ""Green Wave""",Vulnerable Population for Healthcare Insurance Reforms,38280.00,9/1/2011,12/18/2012,Partnership for Change Grant,Health Policy,Increase awareness of state-funded medical insurance among vulnerable populations.,Tbilisi
Civil Society Development Union “Borjgali”,Improving Public Policy in the Field of Eco-Migration,13460.26,8/1/2011,1/31/2012,Citizens’ Advocacy Grant,Ecomigration Policy,Improve the policy and legislative framework on eco-migration in Georgia.,Adjara
"Association ""Media and Society""",Poti International Airport: Expected Risks and Ways to Reduce Them,13640.00,8/1/2011,6/30/2012,Citizens’ Advocacy Grant,Environment Policy,Increase public awareness about the anticipated ecological and social risks of constructing the Poti International Airport.,Samegrelo / Zemo Svaneti
Lanchkhuti Information Center,Advocacy for Changes,14605.00,9/1/2011,5/31/2012,Citizens’ Advocacy Grant,Local Governance,Raise citizen awareness and engage the community in developing a strategic economic development plan for the Ozurgeti and Lanchkhuti municipalities.,Guria
Georgian Civil Development Association,Advocacy for Socially Vulnerable Populations in The Kakheti Region,14912.00,9/1/2011,7/1/2012,Citizens’ Advocacy Grant,Social Policy,"Identify 30 socially vulnerable people in the Telavi, Lagodekhi, and Gurjaani municipalities and provide advocacy training to them.",Kakheti
Step Forward,Advocacy for Children with Hearing Problems,13862.72,9/1/2011,2/29/2012,Citizens’ Advocacy Grant,Children's Issues,Empower parents of children with hearing problems to advocate for their children’s rights.,Adjara
Association of Civil Societyof Georgia,Advocacy for Water Access,14955.00,9/1/2011,9/1/2012,Citizens’ Advocacy Grant,Community Mobilization,Monitor the water supply system renovation in Tetritskaro.,Kvemo Kartli
Young Teachers and Psychologists Association,Supplying IDPs in Frezeti with Drinking Water,12712.34,8/10/2011,3/9/2012,Citizens’ Advocacy Grant,Community Mobilization,Advocate for providing drinking water to the new IDP settlement in Frezeti.,Mtskheta-Mtianeti
Association Atinati,Networking facilitation in West Georgia,33560.00,9/1/2011,8/31/2012,Networking Facilitation Grant,Networking Facilitation,"Support advocacy groups’ initiatives, provide technical assistance for G-PAC grant programs, and organize meetings between CSOs, governmental representatives, and donors.","Adjara, Guria, ImeretiSamegrelo / Zemo Svaneti"
Civil Development Agency (CiDA),Networking facilitation in East Georgia,45000.00,9/1/2011,8/31/2012,Networking Facilitation Grant,Networking Facilitation,"Support advocacy groups’ initiatives, provide technical assistance for G-PAC grant programs, and organize meetings between CSOs, governmental representatives, and donors.","Kvemo KartliMtskheta-Mtianeti, Samtskhe-Javakheti, Shida Kartli"
Civil Society Institute,Improving the Civil Society Enabling Environment in Georgia,44560.00,9/1/2011,8/31/2012,Enabling Environment Grant,Enabling Environment,Improve the enabling legal environment to support CSO financial sustainability and improve communication between CSOs and the government.,Tbilisi
Ivane Javakhishvili Tbilisi State University,Improvement of Mental Health Policy Course at TSU,9907.95,5/23/2011,7/15/2011,University Assistance Grant,Education,Update mental health policy course materials and conduct a one-day conference on mental health policy.,Tbilisi
Shota Rustaveli State University,Public Policy Faculty Retreat,5206.33,6/1/2010,9/30/2011,University Assistance Grant,Education,Discuss best practices in teaching public policy and develop teaching modules for applied policy research.,Adjara
University of Georgia,Summer School in Public Policy Analysis,9430.00,8/1/2011,9/16/2011,University Assistance Grant,Education,Develop a summer school course entitled “Public Policy Analysis – Problems and Solutions in the 21st Century.”,Tbilisi
Shota Rustaveli State University,Improvement of Teaching/Learning Quality at RSU,9820.00,11/1/2011,4/30/2012,University Assistance Grant,Education,"Strengthen the Quality Assurance Department and broaden its activities based on input from faculty, administration, students, and alumni.",Adjara
Georgian Institute of Public Affairs,Developing  Cost-Benefit Analysis Course,7510.00,9/15/2011,12/31/2011,University Assistance Grant,Education,Strengthen the public policy and administration graduate curriculum by adding a new course in cost-benefit analysis.,Tbilisi
Akhaltsikhe State Educational University,Towards the Bologna Process,10000.00,9/1/2011,2/29/2012,University Assistance Grant,Education,Develop and introduce a training module in creative and critical thinking at five regional Georgian universities.,Samtskhe-Javakheti
Ilia State University,Master of Public Administration,200035.00,4/20/2011,6/30/2012,University Assistance Grant,Education,Establishment of a Master in Public Administration (MPA) program at Ilia State University (ISU).,Tbilisi
Akhalkalaki Higher Education Institution,"Thinking Critically, Thinking Creatively",9990.00,11/1/2011,6/30/2012,University Assistance Grant,Education,Develop pedagogical training materials on using critical and creative thinking strategies in teaching.,Samtskhe-Javakheti
Gori Teaching University,Decision-Making Policy Technology in Practice for Social Policy Analysis,9614.00,11/1/2011,6/30/2012,University Assistance Grant,Education,Develop two courses on decision-making for graduate students in the social sciences.,Shida Kartli
PMC Research Center,Fiscal Risks in Georgia: Tax Revenues and Public Debts,49950.00,12/5/2011,11/5/2012,Think Tank Support Grant,Fiscal Policy,Analyze tax and debt threats to Georgia’s fiscal sustainability and identify potential policy solutions.,Tbilisi
Shota Rustaveli State University,Development of a Translated Political Corpus,9140.00,12/1/2011,9/30/2012,University Assistance Grant,Education,Create a digital political glossary in the Georgian and English languages.,Adjara
Foundation for Disabled Children and Children with Diabetes Art Hall+,Theatrical Performance - The King of the Jungle,9995.00,1/15/2012,7/15/2012,Arts for Advocacy Grant,Civic Participation,Raise children’s and the general public’s awareness of the importance of civic engagement.,Tbilisi
Social Photography Caucasus Foundation,"More Civism, Less Cynics",9997.00,2/1/2012,12/31/2012,Arts for Advocacy Grant,Education Policy,Initiate public discussion about controversial issues like homophobia and religion in Georgian public life through photo exhibitions and short films.,Tbilisi
Young Pedagogues Union,Children's Rights in Animation,9957.00,2/1/2012,10/31/2012,Arts for Advocacy Grant,Children's Issues,Teach children to better understand their rights through the use of cartoons.,Guria
Center for Training and Consultancy,Stakeholder Dialogue for the Institutional Development of the Civil Society Sector,29570.00,2/1/2012,11/30/2012,Enabling Environment Grant,Civic Participation,"Promote public discourse on the state of Georgia’s civil society, take actions to address identified weaknesses, and enhance cooperation between CSOs and the business community.",Tbilisi
Association of Young Economists of Georgia Imereti Branch,Advocacy Campaign in Imereti to Protect Property Owners’ Rights,19585.00,2/1/2012,12/31/2012,Citizens’ Advocacy Grant,Property Rights,Protect the rights of property owners residing near the Zestaponi-Samtredia highway construction site.,Imereti
Civic Activities Center,Advocacy of Socially Vulnerable Population in Mtskheta-Mtianeti,19548.00,2/1/2012,10/31/2012,Citizens’ Advocacy Grant,Social Assistance,Help people living below the poverty line benefit from the State Program to Eradicate Poverty (SPEP).,Mtskheta-Mtianeti
Center for Public Monitoring and Research,Protection of the Rights of  Property Owners from the Railway Construction,13965.00,2/1/2012,11/30/2012,Citizens’ Advocacy Grant,Property Rights,Protect the interests of families living near the Khashuri-Kharagauli-Zestaponi railway construction site.,Imereti
Human Rights and Social Justice Research Center,Citizens for Protection of their Rights,19350.00,2/1/2012,11/30/2012,Citizens’ Advocacy Grant,Property Rights,Address property rights violations in Poti and Grigoleti.,Samegrelo / Zemo Svaneti
Stepantsmida,Protecting Rights of Property Owners During Construction of the Dariali Hydro Power Station,17624.00,2/1/2012,12/31/2012,Citizens’ Advocacy Grant,Energy Policy,Monitoring the construction of the Dariali Hydro Power Plant.,Mtskheta-Mtianeti
New Civic Thinking +,Help Society Know the Truth,4364.67,2/6/2012,4/6/2012,Act Now Grant,Civic Participation,Raise awareness among the Kutaisi population about a recently imposed water fee.,Imereti
Partnership for Social Initiatives – Georgian Center,Impact of the New Health Policy on the Access to Health Services,49840.00,2/15/2012,1/31/2013,Think Tank Support Grant,Health Policy,Assess the quality and outcomes of recent healthcare reforms.,KakhetiTbilisi
Psychometric and Consulting Association,First Aid for  Epileptic Seizures,18663.00,2/15/2012,9/15/2012,Citizens’ Advocacy Grant,Health Policy,Increase the knowledge and skills of school teachers in treating students during epileptic and other paroxysmal attacks.,"Adjara, Kakheti"
Ivane Javakhishvili Tbilisi State University,Advancing the Teaching of Party Politics in Georgia,9605.00,3/15/2012,11/15/2012,University Assistance Grant,Education,Develop a graduate course in party politics and party systems.,Tbilisi
Guram Tikanadze Svaneti Youth Center,Support to Lawful Management of the Forest Resources Derived from the Public Interest,28328.00,6/1/2012,5/31/2013,Citizens’ Advocacy Grant,Environment Policy,Advocate for improved forest resource management by local government and communities to reduce negative effects on the environment.,Samegrelo / Zemo Svaneti
Civil Society Development Union “Borjgalo”,Advocacy for Eco-migrants' Interests,25760.00,6/1/2012,1/31/2013,Citizens’ Advocacy Grant,Ecomigration Policy,Improve the legal and policy environment for eco-migrants in Georgia.,"AdjaraImereti, Kakheti, Kvemo Kartli"
Association Union of Chiaturians,Advocacy of Environmental Issues in Chiatura,29907.50,6/1/2012,3/31/2013,Citizens’ Advocacy Grant,Environment Policy,Increase public participation in environmental decision-making processes and monitor the work of the Georgian Manganese company.,Imereti
International Society for Fair Elections and Democracy,Monitoring elections via Web-portal,50990.00,6/1/2012,1/31/2013,Partnership for Change Grant,Election,Monitor and post results of the 2012 Parliamentary elections online.,"TbilisiSamtskhe-Javakheti, Shida Kartli"
Coalition for Independent Living,Strengthening Democratic Processes,59270.00,6/1/2012,11/30/2013,Partnership for Change Grant,Election,Increase the involvement of people with disabilities in the electoral process.,"Kvemo Kartli, TbilisiSamtskhe-Javakheti, Shida Kartli"
Institute for Development of Freedom of Information,Development of e-Participation in Georgia,52277.60,6/1/2012,6/30/2013,Partnership for Change Grant,Good Governance,Analyze the level and potential of e-participation on Georgian government websites.,Tbilisi
Caucasus Research and Resource Centers,Conducting an Innovative SMS Survey,30915.00,6/1/2012,11/30/2012,Partnership for Change Grant,Election,Pilot an innovative SMS technology enabling citizens to monitor the pre-election environments throughout Georgia.,"AdjaraImereti, Kakheti, Kvemo Kartli, Tbilisi, Samegrelo / Zemo SvanetiShida Kartli"
"Economic Policy Research Center (Consortium: EPRC, ISET Policy Institute, LAT, TI)",The Political Parties Project,68968.00,6/15/2012,12/15/2012,Partnership for Change Grant,Election,Improve the transparency of the Georgian democratic system by providing the general public with timely and professional evaluation of electoral promises.,Tbilisi
ISET Policy Institute,National Competitiveness report,79850.00,6/1/2012,4/11/2013,Think Tank Support Grant,Economic Development,Create a National Competitiveness Report (NCR) for Georgia. Promote Georgia’s attractiveness as an investment destination and create the professional and institutional capacities in Georgia to monitor and analyze competitiveness policies.,"AdjaraImereti, KakhetiTbilisi, Samegrelo / Zemo Svaneti"
Economic Policy Research Center,The Price of the State,78995.00,7/1/2012,9/30/2013,Think Tank Support Grant,Fiscal Policy,Establish innovative methodology for conducting research on the economic effectiveness of public expenditures and develop online platforms to inform the public about government spending patterns.,Tbilisi
Ilia State University,Master of Public Administration,9167.55,6/1/2012,7/31/2012,University Assistance Grant,Education,Establishment of a Master in Public Administration (MPA) program at Ilia State University (ISU).,Tbilisi
Union of Scientists of Imereti Region “Spectri”,Inclusion of Society in Environmental Decision-Making Process – Building Capacities of the Local Government,27670.00,8/1/2012,7/31/2013,Citizens’ Advocacy Grant,Environment Policy,Involve citizens in the development of the Tkibuli Environmental Action Plan and advocate for local government approval. Advocate for mitigation of the negative effects caused by Tkibuli thermal power plant.,Imereti
Georgian Young Lawyer's Association - Kutaisi Branch,My Voice in the Parliament,28466.00,7/15/2012,8/15/2013,Citizens’ Advocacy Grant,Local Governance,Advocate for the rights of the Imereti population by ensuring their needs are reflected in political party platforms. Increase the accountability of members of Parliament to their constituencies.,Imereti
"Young Economists Association of Georgia, Imereti Representation",Get Involved in Management of Your Community,27690.00,9/1/2012,9/30/2013,Citizens’ Advocacy Grant,Civic Participation,Increase civic participation in the planning and implementation of government-funded village support programs.,Imereti
Step Forward,Advocacy for Equal Rights of Children with Hearing Problems,25850.00,8/1/2012,7/31/2013,Citizens’ Advocacy Grant,Health Policy,Develop an action plan and advocate for the provision of quality healthcare and education to children with hearing problems.,Adjara
Civil  Development Associationof Georgia,Protect the Rights of Socially Unprotected Population in Kakheti Region,27242.00,8/1/2012,7/31/2013,Citizens’ Advocacy Grant,Social Assistance,Protect the rights of people living below the poverty line in Kakheti and advocate for effective and fair social assistance policy at the local level.,Kakheti
Lanchkhuti Information Center,Advocacy for Development of Cities Left Without Self-Governance,24454.00,8/1/2012,7/31/2013,Citizens’ Advocacy Grant,Local Governance,Increase the socio-economic potential of Lanchkhuti and Chokhatauri by developing specific and demand-driven 5-year strategic action plans.,Guria
"Rehabilitation and Development Charity Center ""Tanaziari""",Ensuring Accessibility of Healthcare Services to IDPs and Protecting their Rights,15352.00,8/15/2012,6/15/2013,Citizens’ Advocacy Grant,IDPs,Increase the accessibility and improve the provision of medical services to IDPs in Poti.,Samegrelo / Zemo Svaneti
Civil Society Research and Development Center,Increasing Engagement of Population of Telavi in Local Decision-Making Process,19980.00,9/1/2012,4/30/2013,Citizens’ Advocacy Grant,Public Finance,Increase the participation of Telavi municipality citizens in local budget planning and decision-making process.,Kakheti
Tiflis Hamkari,Let’s Protect Together Our Cultural Heritage,19970.00,8/15/2012,4/15/2013,Citizens’ Advocacy Grant,Cultural Heritage,Advocate for the protection of cultural landmarks in Tbilisi and raise awareness about threats to these landmarks.,Tbilisi
Civic Development Institute,Georgian Teachers for Child Friendly School,79945.00,9/1/2012,1/31/2014,Partnership for Change Grant,Education Policy,Strengthen school safety and autonomy policy implementation and advocate for additional safe school reforms.,"Adjara, Guria, Imereti, KakhetiTbilisi, Samegrelo / Zemo Svaneti, Samtskhe-Javakheti, Shida Kartli"
Georgian Association of Child Neurologists and Neurosurgeons,Coalition for Childhood Disability,78890.00,9/1/2012,2/28/2014,Partnership for Change Grant,Social Policy,"Advocate for the rights of children with disabilities to enhance healthcare, education, and disability-related services.","AdjaraImereti, KakhetiTbilisi, Samegrelo / Zemo Svaneti"
Welfare Foundation,Civil Society Partnership for Life in a Smoke-free Environment,59580.00,9/1/2012,10/31/2013,Partnership for Change Grant,Social Policy,Achieve full enforcement of Georgian tobacco control regulations. Empower the public and CSOs to advocate for better enforcement of existing laws.,"AdjaraImereti, Kakheti, Samegrelo / Zemo SvanetiShida Kartli"
Education Policy and Research Association,Conceptual Policy Document on Development of Educational System in Georgia,49876.83,9/1/2012,8/31/2013,Think Tank Support Grant,Education Policy,Produce a systemic analysis of education in Georgia (from pre-school to higher education) and develop recommendations to improve the system.,Tbilisi
"International Institute for Education Policy, Planning and Management",Impact of Higher Education on Work Force Formation in Georgia,49950.00,10/1/2012,6/30/2013,Think Tank Support Grant,Education Policy,Research the relationship between higher education options and employment opportunities in Georgia and develop policy recommendations.,Tbilisi
Foundation of Caucasian Dialogue,Protecting IPD rights during Pre-election Period,3550.00,8/1/2012,9/30/2012,Act Now Grant,Election,Increase the involvement of IDPs in the electoral process.,"Imereti, Tbilisi, Samegrelo / Zemo Svaneti"
Ivane Javakhishvili Tbilisi State University,Improvement of Mental Health Policy Course at TSU,9950.00,9/1/2012,1/31/2013,University Assistance Grant,Education,Update mental health policy course materials and conduct a one-day conference on mental health policy.,Tbilisi
Grigol Robakidze University,Development of New Course in Energy Policy Modeling and Analysis,9918.95,9/1/2012,1/31/2013,University Assistance Grant,Education,Create a new core course in Energy Policy for students in the university’s Energy Management master’s program.,Tbilisi
Gori Teaching University,Training Program in Research Methods for Social Sciences,6820.00,9/1/2012,6/30/2013,University Assistance Grant,Education,Establish and conduct training programs in quantitative and qualitative research methods and integrate these into policy-related curricula.,Shida Kartli
Iare Pekhit,Walk by Foot,5160.00,9/1/2012,1/31/2013,Arts for Advocacy Grant,Disabled Accessibility,Advocate for improved pedestrian zones in Tbilisi through photo and painting exhibitions.,Tbilisi
Art Way,Re-animation,10000.00,10/1/2012,3/31/2013,Arts for Advocacy Grant,Disabled Accessibility,Advocate for street crossing signals that make sounds for blind people through theater and flash-mob performances.,Adjara
Public Movement Multinational Georgia,My Choice - My Future,9740.00,9/24/2012,11/24/2012,Arts for Advocacy Grant,Election,Encourage Russian-speaking ethnic minorities in Tbilisi to actively participate in elections.,Tbilisi
Ivane Javakhishvili Tbilisi State University,International Relations and the Contemporary Challenges of International Law,8550.00,12/1/2012,5/31/2013,University Assistance Grant,Education,Update an International Law textbook to include modern examples and case studies.,Tbilisi
Civil Development Agency,Networking Facilitation in Georgia,133600.00,11/1/2012,8/31/2013,Networking Facilitation Grant,Networking Facilitation,"Support regional civil society development in Georgia through assisting  EWMI G-PAC’s grant programs, supporting advocacy groups and activities in regions, and creating and activating regional civil society network (R-CSN).","Adjara, Guria, Imereti, Kakheti, Kvemo KartliMtskheta-MtianetiSamegrelo / Zemo Svaneti, Samtskhe-Javakheti, Shida Kartli"
Civil Society Institute,Improving the Civil Society Enabling Environment in Georgia,100014.78,12/1/2012,10/31/2013,Enabling Environment Grant,Enabling Environment,"Improve the Georgian legal environment to better support the financial sustainability of CSOs. CSI analyzed tax regulations affecting CSOs in Georgia, identified key problematic regulations, developed solutions, provided expert consultations to other CSOs and businesses on taxation issues, published a guidebook on taxation for CSOs, and assisted G-PAC in identifying priorities for upcoming years in this area.",Tbilisi
Ilia State University,Master of Public Administration,203538.83,8/1/2012,7/31/2013,University Assistance Grant,Education,Build on and advance the Master’s Program in Public Administration at Ilia State University and make it fully operational.,Tbilisi
Society of Democrat Women of Marneuli,Local Budget for Kindergarten,3443.00,12/1/2012,1/31/2013,Open Door Grant,Public Finance,Improve and further develop preschool education services in Marneuli municipality.,Kvemo Kartli
Samtskhe-Javakheti State Education University,Student Debates for Support of Political Reforms,9996.14,2/1/2013,10/31/2013,University Assistance Grant,Education,"Develop students’ debate skills and knowledge about ongoing political processes, and prepare them for well-reasoned discussions and decision-making.",Samtskhe-Javakheti
Center for Educational Initiatives,Strengthening Preschool Education in Georgia,19960.00,4/1/2013,11/30/2013,Citizens’ Advocacy Grant,Education Policy,Improve the quality of preschool education in Georgia.,Kakheti
Association Flora and Fauna,Supporting the Development of Traditional Fishing in Georgia,18940.00,3/1/2013,10/30/2013,Citizens’ Advocacy Grant,Environment Policy,Developing traditional coastal fishing and protecting the rights of coastal fishermen’s unions.,Adjara
People’s Harmonious Development Society,Advocacy Campaign for Development of Reintegration Policy for Returnees,19990.00,2/15/2013,11/30/2013,Citizens’ Advocacy Grant,Reintegration policy,Protect the rights of returnees in Georgia and support the development of reintegration policy for returnees in the regions of Georgia.,"Kakheti, Mtskheta-MtianetiShida Kartli"
Public Interests' Defense Association,Child Protection is the Primary Issue,18300.00,2/15/2013,10/15/2013,Citizens’ Advocacy Grant,Health Policy,"Increase accessibility of social and health programs for children by conducting a needs assessment, identifying problems, and elaborating recommendations for service improvement.",Kakheti
We are for Sensible Future,Legalization of Real Estate Property Rights in Khevsureti,19700.00,4/1/2013,11/30/2013,Citizens’ Advocacy Grant,Property Rights,Advocate for the relevant stakeholders to support property registration in Khevsureti.,Mtskheta-Mtianeti
Stepantsmida,Advocacy of Kazbegi Population During the Implementation of Ongoing and Planned HPP Projects,19504.00,2/15/2013,1/15/2014,Citizens’ Advocacy Grant,Property Rights,Inform communities affected by large hydro-power plant construction about the social and environmental obligations of the construction companies.,Mtskheta-Mtianeti
Association of Civil Society Development of Georgia,Active Citizens - Accountable and Transparent Governance,19990.00,4/1/2013,1/31/2014,Citizens’ Advocacy Grant,Civic Participation,Initiate dialogue between the government of Tetritskaro municipality and local residents to increase public engagement in decision-making processes.,Kvemo Kartli
Society of Democrat Women of Marneuli,Preschool Education - Our Right,17904.00,2/1/2013,7/31/2013,Citizens’ Advocacy Grant,Education Policy,Improve infrastructure and management of kindergartens in Marneuli region.,Kvemo Kartli
Union of Chiaturians,Protecting Public Interests of Chiaturians and Environmental Monitoring,19900.00,4/1/2013,12/31/2013,Citizens’ Advocacy Grant,Environment Policy,Monitor Georgian Manganese’s environmental obligations and increase citizen’s eco-awareness.,Imereti
Anti-Violence Network of Georgia,Assisting System Changes for Achieving Social and Legal Guarantees for Single Mothers,20000.00,2/15/2013,1/15/2014,Citizens’ Advocacy Grant,Social Policy,Define the concept and the status of single mothers and establish social and legal guarantees for them that do not exist in the current legislation.,"Adjara, Guria, Imereti, Kakheti, Kvemo KartliMtskheta-Mtianeti, Racha-Lechkumi / Kvemo Svaneti, Samegrelo / Zemo Svaneti, Samtskhe-Javakheti, Shida Kartli"
Borjghali,New Challenges and the Effective Ways of Response,8910.00,2/10/2013,8/10/2013,Citizens’ Advocacy Grant,IDPs,Advocate for the creation of an internal migration management system and initiate effective responses to the existing challenges of eco-migration in Adjara.,Adjara
Elene Sichinava,Freedom of Public Assembly and Manifestation,5150.00,2/4/2013,5/4/2013,Open Door Grant,Human Rights,Improve the protection of freedom of assembly through legislative amendments.,Tbilisi
"Association Woman, Child and Society",Advocacy of Children with Special Needs,10000.00,3/1/2013,8/31/2013,Open Door Grant,Social Policy,Recommend further legislation about children with special needs and their rights.,Tbilisi
Economic Policy Research Center,Innovative Approach to Agricultural Policy Making,49600.00,3/1/2013,12/31/2013,Think Tank Support Grant,Agriculture Policy,Assess the current state of agriculture in Georgia and make policy recommendations to foster growth in this sector. Develop a long-term agricultural strategy and timeline in partnership with the government.,Tbilisi
Georgia's Reforms Associates,Developing policy recommendations on the durable solutions for the Phase III IDPs,50000.00,3/15/2013,11/30/2013,Think Tank Support Grant,IDPs,Conduct a needs assessment and devise policy alternatives for the government on durable solutions for the challenges faced by the largest group of IDPs.,ImeretiSamegrelo / Zemo Svaneti
Center for Civil Integration and Inter-Ethnic Relations,Intercultural Education Research in Primary Schools of Georgia,50000.00,3/15/2013,11/15/2013,Think Tank Support Grant,Education Policy,"Conduct research on the inter-cultural sensitivity of primary education materials, curricula, and teachers. Develop and advocate for recommendations to improve cultural tolerance and appreciation of ethnic minority groups in primary education.",Tbilisi
Grigol Robakidze University,Development of New Lecture Course: The Political Economy of Sustainable Energy,9722.59,4/1/2013,8/31/2013,University Assistance Grant,Education,Develop a new course and textbook to improve the energy management concentration in the master’s program of business administration.,Tbilisi
Georgian Institute of Public Affairs,Development of the Organization Theory Course,9975.00,4/1/2013,8/31/2013,University Assistance Grant,Education,"Design a new Organizational Theory course for public administration, local government, and public policy master’s students at the School of Government at GIPA.",Tbilisi
Giorgi Gabelia,New Concept of Student Self-Governance,7970.00,1/4/2013,11/30/2013,Open Door Grant,Education,"Study the experiences of student self-governance systems at five leading European universities and, considering Georgia’s reality, advocate the adoption of new mechanisms in this direction.","Adjara, Guria, Imereti, KakhetiTbilisi, Samegrelo / Zemo Svaneti"
Union of Scientists of Imereti Region “Spectri”,Protect Citizens from the Negative Environmental Impact,5000.00,4/4/2013,8/4/2013,Open Door Grant,Environment Policy,Protect Citizens from the Negative Environmental Impact of Kutaisi Metallurgical Works.,Imereti
World Experience for Georgia,Enhancing Strategy and Policy Capacity in Georgia,9980.00,4/8/2013,7/8/2013,Open Door Grant,Energy policy,Develop the policy guidelines for creation of Georgia's energy strategy and energy policy document (ESEP) and advocate for adoption if by the Ministry of Energy and Natural Resources.,Tbilisi
Children and Youth Development Fund,Childhoods for Every Child,9963.00,7/1/2013,2/28/2014,Open Door Grant,Social Policy,Improve rehabilitation and education services for children with hearing and speaking impairments.,Tbilisi
Social Defense League,Advocacy of Children with Disabilities,10000.00,4/15/2013,10/15/2013,Open Door Grant,Social Policy,Protect interests of children with disabilities and support to their full integration into the society.,Tbilisi
Epidemiologists for Protection of Public Health,Take Care of Children,9910.00,4/15/2013,10/15/2013,Open Door Grant,Health Policy,Elaborate a health policy for children in kindergartens to prevent the dissemination of alimentary infections and advocate proper epidemic controls.,Tbilisi
Human Rights Education and Monitoring Center,Support Solution of Religious Conflicts in Nigvziani and Tsintskaro,7952.53,4/15/2013,10/15/2013,Open Door Grant,Minority Rights,"Analyze state’s role in religious conflicts resolution, develop targeted recommendations to several state ministries and advocate for implementation of them.","Kvemo Kartli, Tbilisi"
PMC Research Center,The Analysis of Economic Effects of Proposed Amendments in the Labor Code of Georgia,8125.00,4/15/2013,6/15/2013,Open Door Grant,Economic Development,Support proper and justified policy changes for the labor market of Georgia from legal and economic perspectives.,Tbilisi
The Center for Cultural Relations – Caucasian House,Health Care Accessibility for Citizens Residing on Occupied Territories as a Confidence Building Tool,7423.00,8/1/2013,11/30/2013,Open Door Grant,Health Policy,Develop effective healthcare referral mechanisms so people from the occupied territories of Georgia can obtain comprehensive healthcare services.,Imereti
Civic Activities Center,Saving Lives of Vedzatkhevi Residents,6335.00,7/1/2013,10/30/2013,Open Door Grant,Social Assistance,"Organize media campaign to bring public attention to the problems Vedzatkhevi residents face, and advocate for their solutions at the local and national levels.",Tbilisi
C and B Hepatitis Patients Group,Advocacy Campaign to combat Hepatitis C,10000.00,7/25/2013,10/25/2013,Open Door Grant,Health Policy,Emphasize the problem of spread of HCV to the decision-makers and make it on the top of government healthcare agenda; advocate for allocating relevant budget funds for combating the virus in 2014 year state budget.,Tbilisi
Foundation “Partnership for Road Safety”,Friendly Roads: a Citizen Engagement Project for Combating Road Traffic Deaths and Injuries,45965.00,7/1/2013,6/30/2014,Partnership for Change Grant,Road Safety,Engage citizens in improving road safety and reducing the number of traffic casualties in their communities,"Adjara, Guria, Imereti, Kakheti, Kvemo Kartli, Tbilisi, Mtskheta-Mtianeti, Racha-Lechkumi / Kvemo Svaneti, Samegrelo / Zemo Svaneti, Samtskhe-Javakheti, Shida Kartli"
Community Development Center,Micro Enterprises as a Tool for Fighting Poverty,44920.00,5/15/2013,3/15/2014,Partnership for Change Grant,Economic Development,Introduce programs on micro-entrepreneurship for vulnerable groups as a successful tool for fighting poverty to the Government authorities and promote their implementation.,Imereti
Union of Democratic Development of Georgia,Association to Protect the Water Consumers' Interests,47232.00,6/13/2013,7/31/2014,Partnership for Change Grant,Rule of Law,Unite water consumers of the Ozurgeti municipality to protect their right to have access to clean water through the creation of a union of condominiums in Ozurgeti and to advocate for an improved water supply.,Guria
Tbilisi's Hamkari,Social Problems Related to Urban Heritage,45240.00,6/15/2013,6/15/2014,Partnership for Change Grant,Cultural Heritage,"Eliminate the legislative gap causing existence of irrelevant buildings on the list of the cultural heritage monuments and elaborate recommendations, which will rule out the occurrence of similar legislative flaws in the future.",Tbilisi
Safe Space,Tbilisi Ecology,59971.00,5/15/2013,5/15/2014,Partnership for Change Grant,Environment Policy,"Refine the legislation regulating Tbilisi ecology and landscaping, protect green spaces, ecologic safety, and urban development in Tbilisi.",Tbilisi
Georgian Institute of Public Affairs (GIPA),"Development of the Study Course ""Security Policy: Theory and Practice""",9860.00,5/20/2013,10/20/2013,University Assistance Grant,Education,Develop two-semester long course “Security Policy: Theory and Practice”.,Tbilisi
Association of Young Constitutionalists of Georgia,Higher Education Policy - Students' Vision,9384.00,9/1/2013,11/30/2013,Open Door Grant,Education Policy,Improve education system reform in Georgia through engaging project beneficiaries in drafting new reforms for the higher education sector; developing policy recommendations and encouraging decision-makers from the government and parliament to adopt them.,"Adjara, Guria, Imereti, Kakheti, Kvemo Kartli, Tbilisi, Mtskheta-Mtianeti, Samtskhe-Javakheti, Shida Kartli"
Association Union of Chiaturians,Advocacy for Water Provision Issues in Chiatura,28939.00,9/1/2013,5/31/2014,Citizens’ Advocacy Grant,Health Policy,"Advocate for improving the water supply system in Chiatura region, inform local population about the quality of the water and engage them in the advocacy campaign.",Imereti
Economic Policy Research Center,Analysis and Recommendations for Management of Non-performing Loans in Georgia,9600.00,9/1/2013,12/31/2013,Open Door Grant,Economic Development,"Present a comprehensive analysis and world practice on non-performing loan management, describe existing situation in Georgia, current threats and possible risks of implementing a policy.",Tbilisi
Foundation Liberal Academy Tbilisi,Impact of Immigration on Land Alienation and Its Implications for Georgia's Agriculture Sector,49410.00,9/1/2013,6/30/2014,Think Tank Support Grant,Economic Development,"Research and analyze existing legislaiton on immigration and agricultural land sales and their impact on recent immigration, land ownership, and agriculture development trends in Georgia.",Tbilisi
Ilia State University,MPA program,187363.81,8/1/2013,6/30/2014,University Assistance Grant,Education,Build on and advance the Master’s Program in Public Administration at Ilia State University and make it fully operational.,Tbilisi
Society of Democrat Women of Marneuli,Preschool Education - Our Right. 3.4.5,29938.00,9/1/2013,4/30/2014,Citizens’ Advocacy Grant,Public Finance,Increase effective participation of women in the local budget planning and monitoring process to ensure increased funding for pre-school education institutions from the 2014 year budget.,Kvemo Kartli
Step Forward,Support to Implementation of Child's Right on Education,20870.00,9/1/2013,6/30/2014,Citizens’ Advocacy Grant,Education Policy,Support children with hearing problems to get primary education opportunities in Batumi,Adjara
Green Alternative,Promoting Public Participation in the Decision-Making Processes,56464.00,10/2/2013,6/30/2014,Partnership for Change Grant,Environment Policy,Improve public participation and transparency in the decision-making processes pertaining to development projects with potentially significant environmental and social impacts.,
Civil Development Agency,Networking Facilitation in Georgia,148537.50,10/15/2013,6/30/2014,Networking Facilitation Grant,Networking Facilitation,"Build a sustainable and effective civil society network of regional organizations, which will be able to coordinate its efforts, plan and implement joint advocacy and watchdog campaigns.",Kvemo Kartli
National Assistance Foundation,Advocacy for Accessibility of Public Services for Elderly,9299.00,10/1/2013,1/31/2014,Open Door Grant,Social Policy,Ensure that 188 socially unprotected elderly people in Batumi who live alone use municipal transport for free.,Imereti
Regional Cinema Association,Advocacy for Bolnisi Cinema House,6996.00,10/1/2013,11/30/2013,Arts for Advocacy Grant,Local Governance,Involve local government and businesses in advocating the central government to transfer ownership of the movie theater to the Bolnisi Municipal Government so that the it can be renovated and reopened for the citizens of Bolnisi.,Kvemo Kartli
General’s Club,Protecting Rights of War Veterans for their Social Wellbeing,9342.00,11/1/2013,1/31/2014,Open Door Grant,Social Assistance,"Analyze the socio-economic problems of veterans, prepare policy recommendations, and advocate the government and Parliament to take legislative action to address veterans’ needs.",Tbilisi
Union of People with Different Abilities,Advocacy of People with Disabilities to Support Their Employment in Business Sector,10000.00,11/1/2013,4/30/2014,Open Door Grant,Social Policy,"Increase awareness among business organizations and the government about the needs and human resources available among people with special needs in Georgia, and advocate the Parliament and Government of Georgia to introduce tax benefits for businesses that employ people with disabilities.",Tbilisi
Georgian Institute for Strategic Studies,Assessment of Visa Liberalization Process in Georgia and Expected Challenges in Action Plan Implementation,8290.00,10/7/2013,2/7/2014,Open Door Grant,Foreign Policy,Identify strategies to address the major challenges in the visa liberalization process and engage the public in the process and generate public approval for the recommended activities.,Tbilisi
Salome Chikviladze,Campaign in Necessity of Restoring Medical Service Points at Georgian Public Schools,5821.00,10/1/2013,11/30/2013,Open Door Grant,Education Policy,Conduct research and organize an advocacy campaign to revive nurse’s offices at secondary schools in Georgia.,Tbilisi
Civil Society Development Center,I am a Citizen Too,9997.50,10/15/2013,4/15/2014,Open Door Grant,Children's Issues,Improve state policies and services pertaining to homeless children through active engagement of state and civil society actors.,Tbilisi
Social Photography Caucasus Foundation,Waste Wrestlers (Purgamentum Praemonitus),5310.00,12/1/2013,5/31/2014,Open Door Grant,Environment Policy,Advocate for the closure of the Kutaisi landfill and disseminate information on its current status through artistic activism.,Imereti
Children and Youth Development Fund of Georgia,Childhood for Every Kid,9913.00,4/15/2013,9/15/2013,Open Door Grant,Children's Issues,Improve rehabilitation and education services for children with hearing and speaking impairments through advocating for the urgency of adequate pre-school education system and  raising public awareness on the issue in order to decrease stigma and discrimination towards these children and their families.,"AdjaraImereti, Kakheti, Kvemo Kartli, Tbilisi, Shida Kartli"
"Public Movement ""Multinational Georgia""","“My Choice - My Future: Encourage the qualitative and quantitative involvement of the ethnic minorities residing in Tbilisi through raising their awareness about the essence of the elections and importance of participation in the elections""",9740.00,9/24/2012,11/24/2012,Open Door Grant,Election,"Encourage Russian-speaking ethnic minorities in Tbilisi to actively participate in the elections though raising awareness about the essence and value of elections, importance of manifestation of own civic stand, and increasing level of electoral literacy.",Tbilisi
Institute for Development of Freedom of Information,State-owned Enterprises (SOE) and their Efficiency in Georgia. Focus: Agriculture Sector,43052.10,12/1/2013,6/30/2014,Think Tank Support Grant,Economic Development,Initiate a public discussion about SOEs as a means to achieve policy changes that increase the transparency and efficiency of SOE funding and operations.,Tbilisi
PMC Research Center,"""Analysis of State Procurement Policy and Development of Policy Recommendations""",59807.60,11/1/2013,6/30/2014,Think Tank Support Grant,Good Governance,Improve public procurement policies and processes in Georgia to ensure a fair and transparent system that improves the quality of the goods and services the government purchases.,Tbilisi
Center for Civil Integration and Inter-Ethnic Relations,Education Financing System and Equity in Georgia,71288.00,10/1/2013,6/30/2014,Think Tank Support Grant,Education Policy,Improve education financing by analyzing the school funding formula and its impact to provide evidence-based recommendations aimed at increasing it education quality and equity.,Tbilisi
Georgia's Reforms Associates,Analysis of the Implementation of the Georgia-Russia WTO Agreement and its implications,9570.00,11/11/2013,2/10/2014,Think Tank Support Grant,Foreign Policy,Support the implementation of the Agreement on the Basic Principles for a Mechanism of Customs Administration and Monitoring of Trade in Goods through providing policy recommendations to the Government of Georgia on how to implement particular provisions of the Agreement.,Tbilisi
Borjghali,Support to Social Integration of Eco Migrants in New Settlements,15000.00,11/1/2013,4/30/2014,Open Door Grant,Ecomigration policy,Facilitate social integration of eco migrants in new settlements and improve their socio-economic conditions.,Adjara
Human Rights Education and Monitoring Center (EMC),Right to Adequate Housing for Social Justice,14457.70,11/15/2013,5/15/2014,Open Door Grant,Human Rights,"Protect the rights of homeless people through assessing the needs of these people, analyzing relevant state policy, and developing policy recommendations to improve their wellbeing.",Tbilisi
Civil Society Research and Development Center,Advocacy for Provision of Villages of Telavi Municipality with Natural Gas,9980.00,11/1/2013,2/28/2014,Open Door Grant,Energy policy,Increase access to natural gas for the residents of Telavi municipality.,Kakheti
Tolerance and Diversity Institute,A Study of Constitutional Secularism and Religious Discrimination in Georgia,14965.00,1/1/2014,6/30/2014,Open Door Grant,Minority Rights,Protect the rights of religious minorities by sparking public dialogue about the nature of a secular Georgian state and facilitating relevant policy changes.,Tbilisi
Association Flora and Fauna,Management of Risks Associated with the Erosion of the Black Sea Coast,14626.50,1/15/2014,6/30/2014,Open Door Grant,Environment Policy,"Conduct in-depth research of eroded sections of the Black Sea coastline, analyze current risks, develop a risk management strategy to protect the rights of people residing in high-risk areas, and ensure public inclusion in and oversight over state actions in this regard.",Adjara
Georgian Institute of Public Affairs (GIPA),Improving Social Policy Education at Georgian Universities,9850.00,11/15/2013,5/15/2014,University Assistance Grant,Education,Improve quality of the teaching of social policy in Georgian higher education institutions.,Tbilisi
International School of Economics at Tbilisi State University,Improving the Teaching of Agricultural Economics and Policy Analysis,9990.00,11/1/2012,4/30/2013,University Assistance Grant,Education,Develop a high-quality course in Agricultural Markets and Policy Analysis to be taught on a regular basis in the International School of Economics at Tbilisi State University MA program.,Tbilisi
Caucasus University,Development of Public Administration,9732.00,1/1/2014,6/30/2014,University Assistance Grant,Education,Develop a reader in public administration adapted to Georgian context.,Tbilisi
Civil Society Institute,Improving the Civil Society Enabling Environment in Georgia,60472.48,11/1/2013,6/30/2014,Enabling Environment Grant,Enabling Environment,Ensure a legislative environment that promotes the financial sustainability of CSOs.,Tbilisi
PMC Research Center,Analyses of Medium Term Fiscal Policy Sustainability in Georgia,47429.00,12/4/2013,6/30/2014,Think Tank Support Grant,Fiscal Policy,Identify risks to fiscal sustainability of Georgia and develop policy recommendations aimed at achieving this sustainability.,Tbilisi
Georgia’s Reforms Associates,Analyzing Ways to Promote Research in Social Sciences in Georgia’s Higher Education Institutions,47640.00,1/1/2014,6/30/2014,Think Tank Support Grant,Education,"Analyze the main causes of low social science research output in Georgian HEIs, and develop strategic recommendations for the Ministry of Education and Science of Georgia (MES), Parliamentary Committees, donor organizations, HEIs, and research institutions to promote research in the social sciences.",Tbilisi
Economic Policy Research Center,Anti-crisis document for economic recovery stimulus package,49650.00,1/1/2014,6/30/2014,Think Tank Support Grant,Economic Development,Create a crisis management culture and practice in the country through active cooperation with the government officials.,Tbilisi
Center for Civil Integration and Inter-Ethnic Relations,Preparedness for Multicultural Instruction - Teachers' Education in Georgia,44475.00,1/15/2014,6/30/2014,Think Tank Support Grant,Education,Study Georgian teacher education and professional development programs in light of multiculturalism and its relevance to existing educational needs; increase public awareness of multiculturalism in the education sector and develop a comprehensive public policy document and recommendations package to improve teacher competency and effectiveness with regard to multiculturalism.,Tbilisi
Union of Scientists of Imereti Region “Spectri”,Protection of public environmental rights though Regional Civil Society Network (R-CSN),29284.00,1/15/2014,6/30/2014,Citizens’ Advocacy Grant,Environment Policy,"Protect rights of residents of industrial cities of Bolnisi, Tkibuli and Kutaisi, and ensure public participation in development, implementation and monitoring of the Local Environmental Action Plans (LEAP) with support of R-CSN member organizations.",Imereti
Society Biliki,Right to Health,21610.00,2/1/2014,6/30/2014,Citizens’ Advocacy Grant,Social Policy,"Support the protection of interests of people with disabilities in 4 regions of Georgia (Shida Kartli, Mtskheta-Mtianeti, Imereti and Adjara) and make the universal health insurance program more responsive to their needs.","AdjaraImereti, Tbilisi, Shida Kartli"
Community Development Center,Sighnaghi Community for Culture,32953.00,2/1/2014,6/30/2014,Partnership for Change Grant,Cultural Heritage,Support community groups in Signagi to advocate for effective municipal cultural policy with the ultimate goal of achieving the cultural potential of Signagi Municipality.,Kakheti
Democracy Institute,Utilities Services Consumers’ Rights Advocacy,29695.00,2/3/2014,6/30/2014,Citizens’ Advocacy Grant,Consumers Rights,"Improve the provision of utilities in the regions of Georgia, specifically in the towns and cities of Khelvachauri, Kobuleti, Lanchkhuti, Kutaisi, Zugdidi, Gori, Mtskheta, Akhaltsikhe, and Telavi.","Adjara, Guria, Imereti, KakhetiTbilisi, Samegrelo / Zemo Svaneti, Samtskhe-Javakheti, Shida Kartli"
Kakheti Civic League,Support to Improve Preschool Management and Service Provision,15000.00,2/3/2014,6/30/2014,Open Door Grant,Social Policy,Improve preschool education services in Telavi municipality by developing a new management model with active engagement from local preschools.,Kakheti
Economic Policy Experts' Center,Study of Subsistance Level Calculaiton Methods in Georgia - Optimization of Consumers' Basket and Re-Calculation of the Subsistance Wage,12200.00,2/3/2014,6/30/2014,Open Door Grant,Economic Development,Define the quantitative and qualitative value of the minimum composition consumer basket  and determine a more accurate subsistence level based on accepted methods.,Tbilisi
Public Interests' Defense Association,Protection of Public Interests in three municipalities of Kakheti,29967.00,12/16/2013,6/30/2014,Citizens’ Advocacy Grant,Social Assistance,Increase the accessibility of state social and healthcare programs to residents of Kakheti region and develop a state referral system through raising awareness and engagement of stakeholders.,Kakheti
Georgian Young Lawyers' Association,Get Engaged in Decision-making Process,28766.50,2/15/2014,6/30/2014,Citizens’ Advocacy Grant,Local Governance,"Solve specific problems faced by the Imereti population with the active engagement of local majoritarian MPs, the Governor of Imereti, and local government representatives.",Imereti
Society of Democrat Women of Marneuli,Preshool Education - Our Right,14213.50,2/15/2014,6/30/2014,Open Door Grant,Education,Ensure effective civic participation in local decision-making processes (with special emphasis on women) to advance preschool education in the Kvemo Kartli region.,Kvemo Kartli
Association Union of Chiaturians,Environmental monitoring for the protection of the rights of Chiatura residents,21651.00,2/17/2014,6/30/2014,Citizens’ Advocacy Grant,Environment Policy,Protect the environmental rights of the Chiatura population and monitor implementation of environmental obligations by Georgian Manganese Ltd (the manganese mining company operating in Chiatura).,Imereti
Stepantsmida,Advocacy for Protection of Local Community Rights During the Implementation of HPP proejcts in Kazbegi region,8920.00,2/17/2014,6/30/2014,Citizens’ Advocacy Grant,Environment Policy,Monitor the implementation of the environmental and social obligations assigned by the government to the HPP construction companies at four HPP construction sites in the Kazbegi region through mobilizing local communities and advocate for their rights during the construction process.,Tbilisi
Tbilisi's Hamkari,Garden Gudiashvili Square,25690.00,3/1/2014,6/30/2014,Citizens’ Advocacy Grant,Cultural Heritage,"Carrying out an information campaign about the value of cultural heritage protection issue, Gudiashvili Square in particular and advocating for the adoption of the recommendations for adequate restorations to the Gudiashvili Square area.",Tbilisi
Association of Young Economists of Georgia,Responsible Local Government,28222.50,2/17/2014,6/30/2014,Citizens’ Advocacy Grant,Local Governance,"Advocate for the adoption of a normative act, which will regulate the reporting obligations of the Local Government to population, and formulate measurable indicators for reporting and publicizing procedures, format, structure, and timelines.",Imereti
Borjghali,Volunteerism Network,27547.50,2/17/2014,6/30/2014,Citizens’ Advocacy Grant,Civic Participation,Increase youth engagement through the development of a volunteerism network.,"Adjara, Guria, Imereti, Samtskhe-Javakheti, Shida Kartli"
Kutaisi University,To Enhance Existing Graduate and Program in Public Finance Administration,8720.00,3/1/2014,6/30/2014,University Assistance Grant,Education,Develop a new curriculum for the public finance administration graduate program and professional development courses for public finance professionals,Imereti
Georgian Institute of Public Affairs,Case Studies Development,10000.00,3/1/2014,6/30/2014,University Assistance Grant,Education,"Provide students and professors, both in Georgia and abroad, with a compilation of original case studies about various reforms undertaken in the Georgian public sector.",Tbilisi
Safe Space,Public Priorities,59970.00,3/1/2014,6/30/2014,Partnership for Change Grant,Environment Policy,"Remove obstacles that leave urban greenery unprotected, improve policies, government transparency and accountability, informed public participation, and media coverage of the issue.",Tbilisi
Georgian Autism Association,Advocacy for Protection of Health and Education Rights of People with Autism Spectrum Disorders,13897.50,3/14/2014,7/31/2014,Open Door Grant,Health Policy,Develop state policy tailored to needs of people with ASD.,Tbilisi
